{
  "task": "3class",
  "model": "rf",
  "feature_set": "no_posture",
  "n_features": 38,
  "n_folds": 15,
  "accuracy_mean": 0.8406285482647654,
  "accuracy_sd": 0.08419100673586895,
  "balanced_acc_mean": 0.7531191399101197,
  "balanced_acc_sd": 0.12430113110445451,
  "macro_f1_mean": 0.7226583023194724,
  "macro_f1_sd": 0.14022640214421517,
  "pooled_macro_f1": 0.7717010296083328,
  "worst_fold_macro_f1": 0.5627104377104377,
  "best_fold_macro_f1": 1.0,
  "standardise": "baseline"
}